id,character_style,intensity,length_chars,punctuation,phoneme_tags,near_pair_group,reading_ease_score
01_JOY_001,girl,strong,33,。,SOKUON;HATSUON;DAKUON;HANDAKUON,,4
01_JOY_002,mage,mid,31,。,YOUON;SOKUON;HATSUON;DAKUON,,5
01_JOY_003,merchant,mid,28,。,SOKUON;HATSUON;CHOON;DAKUON,,3
01_JOY_004,cool,weak,27,。,DAKUON,,3
01_JOY_005,teacher,mid,27,。,HATSUON;DAKUON,,5
01_JOY_006,friend,strong,26,！,SOKUON;HATSUON;DAKUON,,3
01_JOY_007,knight,mid,31,。,YOUON;HATSUON;DAKUON,,5
01_JOY_008,senpai,weak,26,。,YOUON;DAKUON,P15,4
01_JOY_009,none,weak,30,。,DAKUON,P17,3
01_JOY_010,senpai,strong,33,！,YOUON;SOKUON;DAKUON;HANDAKUON,,4
01_JOY_011,butler,mid,29,。,HATSUON;DAKUON,,4
01_JOY_012,teacher,mid,34,。,YOUON;SOKUON;DAKUON,,3
01_JOY_013,merchant,strong,32,！,YOUON;HATSUON;DAKUON,,3
01_JOY_014,boy,strong,31,！,YOUON;SOKUON;CHOON;DAKUON,,3
01_JOY_015,maid,weak,31,。,SOKUON;DAKUON,,5
01_JOY_016,girl,weak,28,！,YOUON;SOKUON;HATSUON;DAKUON,,5
01_JOY_017,none,strong,33,！,YOUON;SOKUON;HATSUON;CHOON;DAKUON;HANDAKUON;GAIRAION,,3
01_JOY_018,boy,strong,30,！,YOUON;SOKUON;CHOON;DAKUON,,4
01_JOY_019,friend,weak,20,。,SOKUON;HATSUON;DAKUON,P04,4
01_JOY_020,girl,weak,30,。,SOKUON;HATSUON;DAKUON;HANDAKUON,P18,5
01_JOY_021,senpai,weak,25,。,YOUON;DAKUON,P10,5
01_JOY_022,teacher,mid,34,。,YOUON;SOKUON;HATSUON;DAKUON,,5
01_JOY_023,girl,strong,27,！,HATSUON;DAKUON,,4
01_JOY_024,boy,mid,31,。,SOKUON;HATSUON;DAKUON,,3
01_JOY_025,senpai,weak,30,。,SOKUON;HATSUON;DAKUON,,4
01_JOY_026,friend,mid,28,。,HATSUON;DAKUON,,3
01_JOY_027,knight,strong,30,。,DAKUON,,4
01_JOY_028,maid,weak,27,。,HATSUON;DAKUON,P14,4
01_JOY_029,boy,strong,19,。,YOUON;SOKUON;HATSUON;DAKUON,P01,4
01_JOY_030,mage,weak,25,。,YOUON;SOKUON;HATSUON;DAKUON,P15,5
01_JOY_031,girl,weak,30,。,SOKUON;HATSUON;CHOON;DAKUON,,3
01_JOY_032,boy,strong,36,！,YOUON;SOKUON;HATSUON;DAKUON,,5
01_JOY_033,none,mid,33,。,SOKUON;HATSUON;DAKUON;HANDAKUON,,5
01_JOY_034,merchant,strong,25,！,YOUON;HATSUON;DAKUON,P11,4
01_JOY_035,boy,strong,30,！,YOUON;SOKUON;HATSUON;CHOON;DAKUON,,4
01_JOY_036,artisan,strong,29,！,SOKUON;HATSUON;DAKUON,P12,5
01_JOY_037,friend,mid,31,。,SOKUON;HATSUON;DAKUON,,5
01_JOY_038,girl,strong,32,！,YOUON;HATSUON;CHOON;DAKUON;HANDAKUON;GAIRAION,,5
01_JOY_039,girl,strong,30,！,YOUON;SOKUON;CHOON;DAKUON;HANDAKUON,,5
01_JOY_040,adventurer,mid,31,。,YOUON;SOKUON;HATSUON;DAKUON,,4
01_JOY_041,mage,mid,33,。,YOUON;SOKUON;DAKUON;HANDAKUON,,4
01_JOY_042,none,weak,33,。,DAKUON,,5
01_JOY_043,cool,weak,34,。,SOKUON;HATSUON;DAKUON,,5
01_JOY_044,girl,strong,19,！,YOUON;SOKUON;HATSUON;CHOON;DAKUON,P01,3
01_JOY_045,girl,mid,23,！,YOUON;SOKUON;DAKUON,P06,5
01_JOY_046,cool,mid,31,！,YOUON;DAKUON,,5
01_JOY_047,adventurer,strong,34,！,SOKUON;HATSUON;CHOON;DAKUON,,4
01_JOY_048,boy,mid,29,。,YOUON;SOKUON;HATSUON;CHOON;DAKUON;HANDAKUON,P16,5
01_JOY_049,boy,strong,25,！,YOUON;SOKUON;HATSUON;DAKUON,,4
01_JOY_050,girl,strong,28,！,HATSUON;CHOON;DAKUON,,3
01_JOY_051,adventurer,strong,27,！,YOUON;SOKUON;HATSUON;DAKUON,,3
01_JOY_052,girl,strong,26,！,SOKUON;CHOON;DAKUON,,5
01_JOY_053,friend,strong,33,？,YOUON;HATSUON;CHOON;DAKUON,,4
01_JOY_054,swordsman,mid,35,。,HATSUON;DAKUON,,5
01_JOY_055,swordsman,mid,31,。,YOUON;HATSUON;DAKUON;HANDAKUON,,4
01_JOY_056,maid,weak,34,。,HATSUON;DAKUON,,5
01_JOY_057,boy,strong,30,！,YOUON;SOKUON;HATSUON;DAKUON;HANDAKUON,,4
01_JOY_058,swordsman,mid,31,？,SOKUON;HATSUON;CHOON;DAKUON,,3
01_JOY_059,merchant,mid,36,。,YOUON;SOKUON;HATSUON;DAKUON;GAIRAION,,4
01_JOY_060,friend,strong,25,！,YOUON;HATSUON;DAKUON,P13,4
01_JOY_061,friend,weak,31,。,SOKUON;HATSUON;DAKUON;HANDAKUON,,4
01_JOY_062,butler,weak,33,。,HATSUON;DAKUON,,3
01_JOY_063,swordsman,mid,28,！,YOUON;SOKUON;HATSUON;DAKUON,,3
01_JOY_064,teacher,mid,27,。,HATSUON;DAKUON,,3
01_JOY_065,cool,mid,37,。,YOUON;HATSUON;DAKUON,,4
01_JOY_066,boy,strong,26,！,YOUON;SOKUON;DAKUON,,4
01_JOY_067,mage,strong,29,！,YOUON;SOKUON;HATSUON;DAKUON;HANDAKUON,P19,4
01_JOY_068,friend,strong,25,！,YOUON;SOKUON;HATSUON;DAKUON;HANDAKUON,P06,5
01_JOY_069,teacher,mid,33,。,YOUON;HATSUON;CHOON;DAKUON,,3
01_JOY_070,mage,weak,33,。,YOUON;SOKUON;HATSUON;CHOON;DAKUON;HANDAKUON,,3
01_JOY_071,maid,mid,33,。,YOUON;SOKUON;DAKUON,,4
01_JOY_072,friend,strong,33,！,SOKUON;HATSUON;DAKUON,,3
01_JOY_073,knight,mid,34,。,HATSUON;DAKUON,,3
01_JOY_074,none,mid,31,。,YOUON;SOKUON;HATSUON;CHOON;DAKUON,,4
01_JOY_075,merchant,mid,37,。,YOUON;SOKUON;HATSUON;DAKUON,,3
01_JOY_076,adventurer,strong,31,！,DAKUON,,3
01_JOY_077,mage,strong,26,！,YOUON;HATSUON;DAKUON,,4
01_JOY_078,girl,strong,31,！,YOUON;SOKUON;HATSUON;DAKUON,,4
01_JOY_079,girl,strong,30,！,YOUON;SOKUON;HATSUON;DAKUON;HANDAKUON,,3
01_JOY_080,maid,weak,34,。,YOUON;DAKUON,,4
01_JOY_081,knight,mid,42,。,YOUON;HATSUON;DAKUON,,4
01_JOY_082,girl,strong,32,！,YOUON;SOKUON;DAKUON;HANDAKUON,,3
01_JOY_083,knight,mid,29,。,YOUON;SOKUON;HATSUON;DAKUON,,3
01_JOY_084,teacher,mid,29,！,SOKUON;HATSUON;DAKUON,P19,3
01_JOY_085,swordsman,strong,24,！,SOKUON;HATSUON;DAKUON,P03,5
01_JOY_086,maid,strong,29,！,YOUON;SOKUON;HATSUON;DAKUON,P20,5
01_JOY_087,teacher,mid,27,！,DAKUON,P14,3
01_JOY_088,boy,strong,29,！,SOKUON;HATSUON;CHOON;DAKUON,,3
01_JOY_089,boy,strong,28,！,YOUON;SOKUON;HATSUON;DAKUON,,5
01_JOY_090,artisan,mid,32,！,SOKUON;HATSUON;DAKUON,,5
01_JOY_091,none,weak,31,。,SOKUON;HATSUON;DAKUON,,3
01_JOY_092,boy,strong,36,！,SOKUON;HATSUON;DAKUON,,4
01_JOY_093,girl,strong,26,！,SOKUON;DAKUON,P16,4
01_JOY_094,none,mid,35,。,SOKUON;HATSUON;DAKUON,,4
01_JOY_095,boy,strong,32,！,SOKUON;HATSUON;DAKUON,,4
01_JOY_096,artisan,mid,33,。,YOUON;HATSUON;DAKUON;HANDAKUON,,3
01_JOY_097,teacher,strong,26,！,YOUON;DAKUON,P07,5
01_JOY_098,teacher,mid,28,。,YOUON;HATSUON;DAKUON,,3
01_JOY_099,girl,strong,31,！,SOKUON;HATSUON;DAKUON,,3
01_JOY_100,girl,weak,31,。,HATSUON;DAKUON;HANDAKUON,,5
01_JOY_101,adventurer,strong,33,！,YOUON;SOKUON;HATSUON;CHOON;DAKUON,,5
01_JOY_102,girl,mid,30,。,YOUON;SOKUON;HATSUON;CHOON;DAKUON,,5
01_JOY_103,teacher,strong,31,！,YOUON;SOKUON;HATSUON;DAKUON,,4
01_JOY_104,adventurer,strong,24,。,SOKUON;HATSUON;DAKUON;HANDAKUON,P10,3
01_JOY_105,mage,mid,34,。,YOUON;SOKUON;HATSUON;DAKUON,,4
01_JOY_106,cool,weak,27,。,HATSUON;DAKUON,,3
01_JOY_107,girl,strong,31,！,YOUON;SOKUON;HATSUON;CHOON;DAKUON;HANDAKUON,,4
01_JOY_108,swordsman,strong,26,！,SOKUON;DAKUON,P09,3
01_JOY_109,maid,weak,20,。,SOKUON;DAKUON,P02,4
01_JOY_110,senpai,strong,29,。,YOUON;HATSUON;DAKUON,,4
01_JOY_111,senpai,mid,33,。,YOUON;SOKUON;HATSUON;DAKUON,,4
01_JOY_112,mage,weak,24,。,SOKUON;HATSUON;DAKUON,P08,5
01_JOY_113,butler,weak,35,。,SOKUON;CHOON;DAKUON;HANDAKUON,,3
01_JOY_114,maid,mid,37,。,YOUON;SOKUON;HATSUON;DAKUON,,4
01_JOY_115,girl,strong,33,！,YOUON;SOKUON;HATSUON;DAKUON,,3
01_JOY_116,adventurer,weak,31,。,HATSUON;CHOON;DAKUON,,4
01_JOY_117,artisan,strong,31,。,SOKUON;HATSUON;DAKUON,,4
01_JOY_118,friend,strong,35,！,HATSUON;CHOON;DAKUON,,3
01_JOY_119,adventurer,weak,27,。,SOKUON;DAKUON,,5
01_JOY_120,adventurer,strong,28,！,DAKUON,,4
01_JOY_121,girl,strong,28,！,SOKUON;CHOON;DAKUON,,4
01_JOY_122,girl,mid,32,。,YOUON;HATSUON;DAKUON,,4
01_JOY_123,girl,strong,28,！,SOKUON;HATSUON;DAKUON,,4
01_JOY_124,friend,weak,29,。,SOKUON;HATSUON;DAKUON,,4
01_JOY_125,boy,strong,29,！,YOUON;SOKUON;HATSUON;DAKUON,,3
01_JOY_126,artisan,strong,32,！,SOKUON;CHOON;DAKUON,,3
01_JOY_127,boy,strong,31,！,YOUON;SOKUON;HATSUON;DAKUON,,4
01_JOY_128,adventurer,weak,28,。,YOUON;SOKUON;DAKUON;HANDAKUON,,4
01_JOY_129,none,strong,28,！,YOUON;SOKUON;DAKUON,,5
01_JOY_130,maid,mid,33,。,YOUON;SOKUON;CHOON;DAKUON,,5
01_JOY_131,girl,weak,36,。,DAKUON,,4
01_JOY_132,artisan,strong,32,！,SOKUON;HATSUON;DAKUON,,3
01_JOY_133,friend,mid,29,。,HATSUON;DAKUON,,5
01_JOY_134,girl,strong,34,！,YOUON;HATSUON;DAKUON,,4
01_JOY_135,knight,strong,34,！,YOUON;HATSUON;DAKUON,,3
01_JOY_136,teacher,mid,37,。,YOUON;SOKUON;HATSUON;CHOON;DAKUON,,5
01_JOY_137,girl,weak,30,。,DAKUON,,4
01_JOY_138,mage,weak,31,。,DAKUON,,5
01_JOY_139,mage,strong,31,！,HATSUON;DAKUON,,4
01_JOY_140,maid,strong,31,？,HATSUON;DAKUON,,3
01_JOY_141,boy,strong,32,！,SOKUON;CHOON;DAKUON;HANDAKUON,,5
01_JOY_142,senpai,mid,28,。,SOKUON;DAKUON,,4
01_JOY_143,swordsman,weak,29,。,SOKUON;HATSUON;DAKUON;HANDAKUON,,5
01_JOY_144,butler,mid,31,。,SOKUON;DAKUON,,4
01_JOY_145,merchant,mid,37,。,YOUON;HATSUON;DAKUON,,3
01_JOY_146,girl,strong,27,！,SOKUON;HATSUON;DAKUON,P11,3
01_JOY_147,maid,strong,30,！,YOUON;SOKUON;HATSUON;DAKUON;HANDAKUON,,5
01_JOY_148,merchant,strong,32,！,YOUON;HATSUON;DAKUON,,4
01_JOY_149,knight,mid,25,。,SOKUON;HATSUON;DAKUON,P07,5
01_JOY_150,cool,mid,26,。,SOKUON;HATSUON;DAKUON,,5
01_JOY_151,cool,mid,33,。,YOUON;SOKUON;HATSUON;DAKUON,,4
01_JOY_152,none,strong,29,！,YOUON;SOKUON;HATSUON;CHOON;DAKUON,,4
01_JOY_153,butler,mid,33,。,SOKUON;HATSUON;CHOON;DAKUON;HANDAKUON,,4
01_JOY_154,friend,strong,25,！,SOKUON;HATSUON;DAKUON,P09,5
01_JOY_155,cool,mid,28,。,YOUON;HATSUON;DAKUON,P05,4
01_JOY_156,knight,mid,27,！,YOUON;HATSUON;DAKUON,P12,4
01_JOY_157,maid,weak,26,。,YOUON;HATSUON;DAKUON;HANDAKUON,P08,4
01_JOY_158,knight,mid,37,。,YOUON;SOKUON;HATSUON;DAKUON,,4
01_JOY_159,none,weak,30,。,HATSUON;DAKUON;HANDAKUON,,3
01_JOY_160,mage,strong,32,！,HATSUON;DAKUON,,4
01_JOY_161,friend,mid,33,。,SOKUON;HATSUON;DAKUON;HANDAKUON,,5
01_JOY_162,swordsman,strong,26,！,YOUON;SOKUON;HATSUON;DAKUON,,5
01_JOY_163,boy,strong,17,！,SOKUON;HATSUON,P05,5
01_JOY_164,maid,weak,34,。,SOKUON;DAKUON,,4
01_JOY_165,maid,weak,28,。,SOKUON;HATSUON;DAKUON,P18,5
01_JOY_166,friend,strong,30,。,SOKUON;HATSUON;DAKUON,,3
01_JOY_167,none,weak,30,。,SOKUON;DAKUON,,4
01_JOY_168,senpai,strong,30,。,SOKUON;CHOON;DAKUON;HANDAKUON,,3
01_JOY_169,knight,mid,32,。,DAKUON,,3
01_JOY_170,mage,strong,23,！,SOKUON;DAKUON,P03,4
01_JOY_171,maid,strong,28,！,SOKUON;HATSUON;DAKUON,,5
01_JOY_172,friend,weak,28,。,YOUON;SOKUON;HATSUON;DAKUON;HANDAKUON,,3
01_JOY_173,swordsman,strong,34,！,SOKUON;DAKUON,,4
01_JOY_174,teacher,mid,33,。,YOUON;HATSUON;DAKUON,,5
01_JOY_175,artisan,mid,32,。,DAKUON,,4
01_JOY_176,mage,mid,33,。,YOUON;SOKUON;HATSUON;DAKUON,,4
01_JOY_177,boy,strong,26,！,YOUON;SOKUON;HATSUON;CHOON;DAKUON,,3
01_JOY_178,girl,strong,28,！,YOUON;SOKUON;HATSUON;CHOON;DAKUON;HANDAKUON,,3
01_JOY_179,boy,strong,29,！,SOKUON;HATSUON;CHOON;DAKUON,,4
01_JOY_180,butler,weak,28,。,HATSUON;DAKUON,P20,3
01_JOY_181,teacher,mid,28,。,SOKUON;HATSUON;DAKUON,,5
01_JOY_182,adventurer,weak,19,。,YOUON;SOKUON;HATSUON;DAKUON,P02,3
01_JOY_183,cool,mid,29,。,SOKUON;HATSUON;DAKUON,,4
01_JOY_184,cool,weak,33,。,YOUON;DAKUON,,3
01_JOY_185,knight,weak,28,。,SOKUON;HATSUON;DAKUON,,3
01_JOY_186,butler,mid,27,。,YOUON;HATSUON;DAKUON,P13,3
01_JOY_187,swordsman,weak,30,。,YOUON;SOKUON;HATSUON;DAKUON,,5
01_JOY_188,none,strong,32,。,SOKUON;DAKUON,,5
01_JOY_189,cool,weak,27,。,YOUON;HATSUON;DAKUON,,4
01_JOY_190,girl,strong,31,！,YOUON;SOKUON;HATSUON;DAKUON,,3
01_JOY_191,boy,strong,23,！,YOUON;SOKUON;HATSUON;CHOON;DAKUON;HANDAKUON,,4
01_JOY_192,maid,strong,31,。,HATSUON;DAKUON;HANDAKUON,,5
01_JOY_193,adventurer,mid,28,。,SOKUON;HATSUON;DAKUON,P17,4
01_JOY_194,friend,strong,27,！,YOUON;HATSUON;DAKUON,,4
01_JOY_195,artisan,strong,27,！,YOUON;SOKUON;HATSUON;DAKUON,,3
01_JOY_196,butler,weak,25,。,YOUON;HATSUON;DAKUON,P04,3
01_JOY_197,knight,mid,27,。,YOUON;SOKUON;HATSUON;DAKUON,,5
01_JOY_198,merchant,mid,33,。,YOUON;SOKUON;DAKUON,,3
01_JOY_199,merchant,strong,34,！,SOKUON;HATSUON;DAKUON;HANDAKUON,,3
01_JOY_200,friend,strong,32,！,YOUON;SOKUON;HATSUON;DAKUON,,4
